{"cameraMode":{"drawMode":0,"name":"Shaded","section":"Shading Mode"},"sceneLighting":true,"audioPlay":false,"sceneViewState":{"showFog":false,"showMaterialUpdate":false,"showSkybox":false,"showFlares":false,"showImageEffects":false,"showParticleSystems":true},"in2DMode":false,"pivot":{"x":-27.181732177734376,"y":-7.734930038452148,"z":-15.763433456420899},"rotation":{"x":-0.47349804639816286,"y":-0.16282014548778535,"z":0.08954036235809326,"w":-0.8609713912010193},"size":28.547889709472658,"orthographic":false}