{"cameraMode":{"drawMode":0,"name":"Shaded","section":"Shading Mode"},"sceneLighting":false,"audioPlay":false,"sceneViewState":{"showFog":true,"showMaterialUpdate":false,"showSkybox":true,"showFlares":true,"showImageEffects":true,"showParticleSystems":true},"in2DMode":false,"pivot":{"x":-25.899999618530275,"y":2.25,"z":-9.699999809265137},"rotation":{"x":-0.3491417169570923,"y":-0.43213915824890139,"z":0.18618085980415345,"w":-0.8103656768798828},"size":150.9346923828125,"orthographic":false}