{"cameraMode":{"drawMode":0,"name":"Shaded","section":"Shading Mode"},"sceneLighting":false,"audioPlay":false,"sceneViewState":{"showFog":true,"showMaterialUpdate":false,"showSkybox":true,"showFlares":true,"showImageEffects":true,"showParticleSystems":true},"in2DMode":false,"pivot":{"x":36.20134353637695,"y":-90.67743682861328,"z":30.983747482299806},"rotation":{"x":-0.3491417169570923,"y":-0.43213915824890139,"z":0.18618085980415345,"w":-0.8103657364845276},"size":242.04359436035157,"orthographic":false}