{"cameraMode":{"drawMode":0,"name":"Shaded","section":"Shading Mode"},"sceneLighting":true,"audioPlay":false,"sceneViewState":{"showFog":true,"showMaterialUpdate":false,"showSkybox":true,"showFlares":true,"showImageEffects":true,"showParticleSystems":true},"in2DMode":false,"pivot":{"x":12.272026062011719,"y":-32.948265075683597,"z":-102.71753692626953},"rotation":{"x":-0.06386549770832062,"y":-0.9360249638557434,"z":0.2518247663974762,"w":-0.2374085783958435},"size":2579.53515625,"orthographic":false}