{"cameraMode":{"drawMode":0,"name":"Shaded","section":"Shading Mode"},"sceneLighting":false,"audioPlay":false,"sceneViewState":{"showFog":true,"showMaterialUpdate":false,"showSkybox":true,"showFlares":true,"showImageEffects":true,"showParticleSystems":true},"in2DMode":false,"pivot":{"x":-49.49443817138672,"y":-43.1167106628418,"z":22.517980575561525},"rotation":{"x":0.4783172905445099,"y":-0.17678025364875794,"z":0.09895894676446915,"w":0.8544989824295044},"size":62.459320068359378,"orthographic":false}