{"cameraMode":{"drawMode":0,"name":"Shaded","section":"Shading Mode"},"sceneLighting":false,"audioPlay":false,"sceneViewState":{"showFog":true,"showMaterialUpdate":false,"showSkybox":true,"showFlares":true,"showImageEffects":true,"showParticleSystems":true},"in2DMode":false,"pivot":{"x":-28.211999893188478,"y":2.746999979019165,"z":-21.982999801635743},"rotation":{"x":-0.2567512094974518,"y":0.3931136727333069,"z":-0.11530520766973496,"w":-0.8753542900085449},"size":0.4286855459213257,"orthographic":false}